{
  "generator-jhipster": {
    "applicationType": "monolith",
    "authenticationType": "jwt",
    "baseName": "tripmgmt",
    "blueprints": [],
    "buildTool": "gradle",
    "cacheProvider": "no",
    "clientFramework": "angularX",
    "clientPackageManager": "npm",
    "clientTheme": "none",
    "clientThemeVariant": "",
    "creationTimestamp": 1678358325038,
    "databaseType": "sql",
    "devDatabaseType": "h2Disk",
    "devServerPort": 4200,
    "dtoSuffix": "DTO",
    "enableGradleEnterprise": false,
    "enableHibernateCache": false,
    "enableSwaggerCodegen": false,
    "enableTranslation": true,
    "entitySuffix": "",
    "gitCompany": "",
    "jhiPrefix": "jhi",
    "jhipsterVersion": "7.9.3",
    "jwtSecretKey": "OTM5ODlhZThhOGU3YWM1Y2Y4MGE3NGU1ODlmMWM0NDkxNGIzOTZlMzY4N2RhM2M2Nzc3MzljYzczNWRiNWYwYTBkNGZkMGQ3OTE1N2E4MWJjZjRjZTc0ODJlZTY0YmU3NTJjZDZmNTNjYjAwNTg2YmE5YjdjM2I0NTYwY2QwYTU=",
    "languages": ["en", "hi"],
    "messageBroker": false,
    "nativeLanguage": "en",
    "otherModules": [],
    "packageFolder": "com/example/travel",
    "packageName": "com.example.travel",
    "pages": [],
    "prodDatabaseType": "postgresql",
    "reactive": false,
    "searchEngine": false,
    "serverPort": 8080,
    "serviceDiscoveryType": false,
    "skipCheckLengthOfIdentifier": false,
    "skipClient": false,
    "skipFakeData": false,
    "skipUserManagement": false,
    "testFrameworks": [],
    "useSass": true,
    "websocket": false,
    "withAdminUi": true
  }
}
